CREATE TABLE neighbor_tree (
    id BIGSERIAL,
    title CHARACTER VARYING,
    parent_id BIGINT,
    PRIMARY KEY(id),
    CONSTRAINT fk_parent
        FOREIGN KEY(parent_id)
            REFERENCES neighbor_tree(id)
);

INSERT INTO neighbor_tree(id, title, parent_id) VALUES
(1, 'Модели данных', null),
(2, 'Реляционная (SQL)', 1),
(3, 'Нереляционная (NoSQL)', 1),
(4, 'Объектно-реляционная', 2),
(5, 'Постреляционная (NewSQL)', 2),
(6, 'MySQL', 2),
(7, 'MariaDB', 2),
(8, 'MSSQL', 2),
(9, 'PostgreSQL', 4),
(10 ,'Oracle', 4),
(11 ,'YandexDB', 5),
(12 ,'Google Spanner', 5),
(13 ,'Ключ-значение', 3),
(14 ,'Документно-ориентированная', 3),
(15 ,'Колоночная', 3),
(16 ,'Графовая', 3),
(17 ,'MongoDB', 14),
(18 ,'Redis', 13),
(19 ,'Clickhouse', 15),
(20 ,'Google Big Table', 15),
(21 ,'Neo4j', 16),
(22,'OrientDB', 16);

CREATE TABLE path_enum (
    id BIGSERIAL,
    title CHARACTER VARYING,
    path CHARACTER VARYING,
    PRIMARY KEY(id)
);

INSERT INTO path_enum(id, title, path) VALUES
(1, 'Модели данных', '1/'),
(2, 'Реляционная (SQL)', '1/2/'),
(3, 'Нереляционная (NoSQL)', '1/3/'),
(4, 'Объектно-реляционная', '1/2/4/'),
(5, 'Постреляционная (NewSQL)', '1/2/5/'),
(6, 'MySQL', '1/2/6/'),
(7, 'MariaDB', '1/2/7/'),
(8, 'MSSQL', '1/2/8/'),
(9, 'PostgreSQL', '1/2/4/9/'),
(10 ,'Oracle', '1/2/4/10/'),
(11 ,'YandexDB', '1/2/5/11/'),
(12 ,'Google Spanner', '1/2/5/12/'),
(13 ,'Ключ-значение', '1/3/13/'),
(14 ,'Документно-ориентированная', '1/3/14/'),
(15 ,'Колоночная', '1/3/15/'),
(16 ,'Графовая', '1/3/16/'),
(17 ,'MongoDB', '1/3/14/17/'),
(18 ,'Redis', '1/3/13/18/'),
(19 ,'Clickhouse', '1/3/15/19/'),
(20 ,'Google Big Table', '1/3/15/20/'),
(21 ,'Neo4j', '1/3/16/21/'),
(22,'OrientDB', '1/3/16/22/');

CREATE TABLE nested_sets (
    id BIGSERIAL,
    title CHARACTER VARYING,
    lft BIGINT,
    rgt BIGINT,
    PRIMARY KEY(id)
);

INSERT INTO nested_sets(id, title, lft, rgt) VALUES
(1, 'Модели данных', 1, 44),
(2, 'Реляционная (SQL)', 2, 21),
(3, 'Нереляционная (NoSQL)', 22, 43),
(4, 'Объектно-реляционная', 3, 8),
(5, 'Постреляционная (NewSQL)', 15, 20),
(6, 'MySQL', 9, 10),
(7, 'MariaDB', 13, 14),
(8, 'MSSQL', 11, 12),
(9, 'PostgreSQL', 4, 5),
(10 ,'Oracle', 6, 7),
(11 ,'YandexDB', 16, 17),
(12 ,'Google Spanner', 18, 19),
(13 ,'Ключ-значение', 23, 26),
(14 ,'Документно-ориентированная', 27, 30),
(15 ,'Колоночная', 31, 36),
(16 ,'Графовая', 37, 42),
(17 ,'MongoDB', 28, 29),
(18 ,'Redis', 24, 25),
(19 ,'Clickhouse', 32, 33),
(20 ,'Google Big Table', 34, 35),
(21 ,'Neo4j', 38, 39),
(22,'OrientDB', 40, 41);

CREATE TABLE dbms (
    id BIGSERIAL,
    title CHARACTER VARYING,
    PRIMARY KEY(id)
);

INSERT INTO dbms(id, title) VALUES
(1, 'Модели данных'),
(2, 'Реляционная (SQL)'),
(3, 'Нереляционная (NoSQL)'),
(4, 'Объектно-реляционная'),
(5, 'Постреляционная (NewSQL)'),
(6, 'MySQL'),
(7, 'MariaDB'),
(8, 'MSSQL'),
(9, 'PostgreSQL'),
(10 ,'Oracle'),
(11 ,'YandexDB'),
(12 ,'Google Spanner'),
(13 ,'Ключ-значение'),
(14 ,'Документно-ориентированная'),
(15 ,'Колоночная'),
(16 ,'Графовая'),
(17 ,'MongoDB'),
(18 ,'Redis'),
(19 ,'Clickhouse'),
(20 ,'Google Big Table'),
(21 ,'Neo4j'),
(22,'OrientDB');

CREATE TABLE closure_table (
    ancestor BIGINT,
    descendant BIGINT,
    CONSTRAINT fk_anc
        FOREIGN KEY(ancestor)
            REFERENCES dbms(id),
    CONSTRAINT fk_des
        FOREIGN KEY(descendant)
            REFERENCES dbms(id)
);

INSERT INTO closure_table(ancestor, descendant) VALUES
(1,1),
(1,2),
(1,3),
(1,4),
(1,5),
(1,6),
(1,7),
(1,8),
(1,9),
(1,10),
(1,11),
(1,12),
(1,13),
(1,14),
(1,15),
(1,16),
(1,17),
(1,18),
(1,19),
(1,20),
(1,21),
(1,22),
(2,2),
(2,4),
(2,5),
(2,6),
(2,7),
(2,8),
(2,9),
(2,10),
(2,11),
(2,12),
(3,3),
(3,13),
(3,14),
(3,15),
(3,16),
(3,17),
(3,18),
(3,19),
(3,20),
(3,21),
(3,22),
(4,4),
(4,9),
(4,10),
(5,5),
(5,11),
(5,12),
(6,6),
(7,7),
(8,8),
(9,9),
(10,10),
(11,11),
(12,12),
(13,13),
(13,18),
(14,14),
(14,17),
(15,15),
(15,19),
(15,20),
(16,16),
(16,21),
(16,22);